subject,f1,threshold,accuracy
7012,0.6543274432211348,0.57,0.6112781473899693
