subject,f1,threshold,accuracy
7012,0.6730759343873441,0.62,0.6319248976458547
