subject,f1,threshold,accuracy
7012,0.5446484970577684,0.47,0.5105417576419214
