subject,f1,threshold,accuracy
7012,0.3231152016269327,0.5,0.33300395256917
