feature_name,notes,target_subject,model_used,accuracy,weighted_f1,precision,recall,N1_f1,N2_f1,N3_f1,REM_f1,Wake_f1,n_trials
band_base,"Baseline band feats (delta, theta, alpha, beta, cycle, label, subject_id)",7011,LGBMClassifier,0.6355311355311355,0.611364509259365,0.6234925756359802,0.6355311355311355,0.2602739726027397,0.7658862876254181,0.5194805194805194,0.5512367491166078,0.4817073170731707,1
