feature_name,notes,target_subject,model_used,accuracy,weighted_f1,precision,recall,N1_f1,N2_f1,N3_f1,REM_f1,Wake_f1,n_trials
band_base,"Baseline band feats (delta, theta, alpha, beta, cycle, label, subject_id)",7011,RandomForestClassifier,0.6410256410256411,0.6339518084593335,0.6508967134805187,0.6410256410256411,0.30857142857142855,0.7700831024930748,0.5833333333333334,0.562874251497006,0.5182926829268293,1
