feature_name,notes,target_subject,model_used,accuracy,weighted_f1,precision,recall,N1_f1,N2_f1,N3_f1,REM_f1,Wake_f1,n_trials
band_base,"Baseline band feats (delta, theta, alpha, beta, cycle, label, subject_id)",7011,LGBMClassifier,0.6382783882783882,0.6339407992000959,0.6471263910990809,0.6382783882783882,0.37894736842105264,0.7478753541076487,0.5843373493975904,0.6176470588235294,0.5075528700906344,1
band_base,"Baseline band feats (delta, theta, alpha, beta, cycle, label, subject_id)",7011,RandomForestClassifier,0.6346153846153846,0.5972018037268794,0.6354266462668927,0.6346153846153846,0.0967741935483871,0.7772194304857621,0.6058091286307054,0.5391304347826087,0.40714285714285714,1
