feature_name,notes,target_subject,model_used,accuracy,weighted_f1,precision,recall,N1_f1,N2_f1,N3_f1,REM_f1,Wake_f1,n_trials
band_base,"Baseline band feats (delta, theta, alpha, beta, cycle, label, subject_id)",7011,LGBMClassifier,0.6327838827838828,0.6126095440612264,0.6133189559612324,0.6327838827838828,0.2465753424657534,0.768695652173913,0.4830508474576271,0.5944055944055944,0.48633879781420764,1
