feature_name,notes,target_subject,model_used,accuracy,weighted_f1,precision,recall,N1_f1,N2_f1,N3_f1,REM_f1,Wake_f1,n_trials
band_base,"Baseline band feats (delta, theta, alpha, beta, cycle, label, subject_id)",7011,LGBMClassifier,0.6217948717948718,0.5997800762542891,0.6095908788741837,0.6217948717948718,0.3087248322147651,0.7550675675675675,0.48717948717948717,0.5403508771929825,0.45180722891566266,1
band_base,"Baseline band feats (delta, theta, alpha, beta, cycle, label, subject_id)",7011,RandomForestClassifier,0.6245421245421245,0.5860099689844877,0.6423149711132315,0.6245421245421245,0.12173913043478261,0.7655737704918033,0.4784688995215311,0.5232558139534884,0.4594594594594595,1
