feature_name,notes,target_subject,model_used,accuracy,weighted_f1,precision,recall,N1_f1,N2_f1,N3_f1,REM_f1,Wake_f1,n_trials
band_base,"Baseline band feats (delta, theta, alpha, beta, cycle, label, subject_id)",7011,LGBMClassifier,0.6309523809523809,0.6059726999754632,0.6218201903674776,0.6309523809523809,0.2857142857142857,0.7572493786246893,0.4956521739130435,0.5571428571428572,0.475,1
