feature_name,notes,target_subject,model_used,accuracy,weighted_f1,precision,recall,N1_f1,N2_f1,N3_f1,REM_f1,Wake_f1,n_trials
band_base,"Baseline band feats (delta, theta, alpha, beta, cycle, label, subject_id)",7011,LGBMClassifier,0.6272893772893773,0.6067819544397267,0.6103775451631414,0.6272893772893773,0.2857142857142857,0.7566638005159071,0.48333333333333334,0.5936395759717314,0.4672364672364672,1
