feature_name,notes,target_subject,model_used,accuracy,weighted_f1,precision,recall,N1_f1,N2_f1,N3_f1,REM_f1,Wake_f1,n_trials
band_ratio,"Adds band ratios (delta/theta, alpha/theta, etc.)",7011,LGBMClassifier,0.6410256410256411,0.6274644829286551,0.6408649643751054,0.6410256410256411,0.26573426573426573,0.7614840989399293,0.49429657794676807,0.5460526315789473,0.5964912280701754,1
