trial,subject,f1,thresh,acc,avg_f1,hidden_size,num_layers,dropout,bidirectional,learning_rate,stride,seq_len,epochs,batch_size,weight_decay
0,7242,0.34114741206726856,0.51,0.34994493392070486,0.34114741206726856,64,3,0.2994028049210362,True,0.003319414023327547,4,32,13,64,0.005666597524267947
1,7242,0.5453414978344227,0.46,0.5103332820197044,0.5453414978344227,64,2,0.36965344602653816,True,0.001720021822320989,2,128,8,64,0.003062273519768889
2,7242,0.5407413988296722,0.45,0.4992151826484018,0.5407413988296722,128,3,0.17957901587152492,True,0.003230690711567297,2,64,14,128,0.009180713288833598
3,7242,0.7956706663666167,0.57,0.7915418093607306,0.7956706663666167,128,2,0.46113270413265095,False,0.00011982944130266843,1,64,9,64,1.3467657668402778e-05
4,7242,0.7976375398028753,0.57,0.7983374384236454,0.7976375398028753,64,2,0.34223102575750275,False,0.00033452711277994786,4,128,10,128,0.00010450174221660634
