trial,subject,f1,thresh,acc,avg_f1,hidden_size,num_layers,dropout,bidirectional,learning_rate,stride,seq_len,epochs,batch_size,weight_decay
0,7162,0.24154057061809153,0.15,0.21276041666666667,0.24154057061809153,64,3,0.2994028049210362,True,0.003319414023327547,4,32,13,64,0.005666597524267947
