trial,subject,f1,thresh,acc,avg_f1,hidden_size,num_layers,dropout,bidirectional,learning_rate,stride,seq_len,epochs,batch_size,weight_decay
0,7242,0.33540914650592357,0.44,0.34691629955947134,0.33540914650592357,64,3,0.2994028049210362,True,0.003319414023327547,4,32,13,64,0.005666597524267947
1,7242,0.7923881151467851,0.56,0.7915255541871922,0.7923881151467851,64,2,0.36965344602653816,True,0.001720021822320989,2,128,8,64,0.003062273519768889
