trial,subject,f1,thresh,acc,avg_f1,hidden_size,num_layers,dropout,bidirectional,learning_rate,stride,seq_len,epochs,batch_size,weight_decay
0,7242,0.059050452379590196,0.05,0.18722466960352424,0.059050452379590196,64,3,0.2994028049210362,True,0.003319414023327547,4,32,13,64,0.005666597524267947
1,7242,0.8282175004335277,0.65,0.8421336206896551,0.8282175004335277,64,2,0.36965344602653816,True,0.001720021822320989,2,128,8,64,0.003062273519768889
2,7242,0.063080052734051,0.05,0.19406392694063926,0.063080052734051,128,3,0.17957901587152492,True,0.003230690711567297,2,64,14,128,0.009180713288833598
3,7242,0.7994633653626365,0.64,0.8005672089041096,0.7994633653626365,128,2,0.46113270413265095,False,0.00011982944130266843,1,64,9,64,1.3467657668402778e-05
4,7242,0.796485713244701,0.59,0.7923722290640394,0.796485713244701,64,2,0.34223102575750275,False,0.00033452711277994786,4,128,10,128,0.00010450174221660634
