trial,subject,f1,thresh,acc,avg_f1,hidden_size,num_layers,dropout,bidirectional,learning_rate,stride,seq_len,epochs,batch_size,weight_decay
0,7242,0.5720288325715589,0.52,0.5269823788546255,0.5720288325715589,64,3,0.2994028049210362,True,0.003319414023327547,4,32,13,64,0.005666597524267947
1,7242,0.5745355512570096,0.51,0.5380041564039408,0.5745355512570096,64,2,0.36965344602653816,True,0.001720021822320989,2,128,8,64,0.003062273519768889
