trial,subject,f1,thresh,acc,avg_f1,hidden_size,num_layers,dropout,bidirectional,learning_rate,stride,seq_len,epochs,batch_size,weight_decay
0,7242,0.5725019198633482,0.53,0.5254680616740088,0.5725019198633482,64,3,0.2994028049210362,True,0.003319414023327547,4,32,13,64,0.005666597524267947
1,7242,0.5496076456443528,0.58,0.5125846674876847,0.5496076456443528,64,2,0.36965344602653816,True,0.001720021822320989,2,128,8,64,0.003062273519768889
