trial,subject,f1,thresh,acc,avg_f1,hidden_size,num_layers,dropout,bidirectional,learning_rate,stride,seq_len,epochs,batch_size,weight_decay
0,7242,0.5405053998308539,0.38,0.4990363436123348,0.5405053998308539,64,3,0.2994028049210362,True,0.003319414023327547,4,32,13,64,0.005666597524267947
1,7242,0.7873389274835654,0.64,0.7948737684729064,0.7873389274835654,64,2,0.36965344602653816,True,0.001720021822320989,2,128,8,64,0.003062273519768889
2,7242,0.5678888985605063,0.67,0.5248287671232876,0.5678888985605063,128,3,0.17957901587152492,True,0.003230690711567297,2,64,14,128,0.009180713288833598
3,7242,0.8087823951580653,0.62,0.8076305650684932,0.8087823951580653,128,2,0.46113270413265095,False,0.00011982944130266843,1,64,9,64,1.3467657668402778e-05
4,7242,0.7354108704675191,0.61,0.7179418103448276,0.7354108704675191,64,2,0.34223102575750275,False,0.00033452711277994786,4,128,10,128,0.00010450174221660634
