feature_name,notes,target_subject,model_used,accuracy,weighted_f1,precision,recall,N1_f1,N2_f1,N3_f1,REM_f1,Wake_f1,n_trials
Band lag-1 lag-2,Adds 1- and 2-epoch lag feats for each band,7011,LGBMClassifier,0.7146788990825688,0.6995833580235825,0.7070151199241993,0.7146788990825688,0.291970802919708,0.7946666666666666,0.6588235294117647,0.6785714285714286,0.6945169712793734,1
