feature_name,notes,target_subject,model_used,accuracy,weighted_f1,precision,recall,N1_f1,N2_f1,N3_f1,REM_f1,Wake_f1,n_trials
EEG band lag-1 and lag-2,Adds 1- and 2-epoch lag feats for each band,7011,LGBMClassifier,0.7045871559633028,0.6844613993788433,0.6968607795635124,0.7045871559633028,0.22900763358778625,0.7934027777777778,0.6386554621848739,0.6666666666666666,0.6684782608695652,1
