feature_name,notes,target_subject,model_used,accuracy,weighted_f1,precision,recall,N1_f1,N2_f1,N3_f1,REM_f1,Wake_f1,n_trials
Band lag1 lag2,Adds 1- and 2-epoch lag feats for each band,7011,LGBMClassifier,0.708256880733945,0.6884991155213601,0.695539519494503,0.708256880733945,0.21739130434782608,0.8020743301642178,0.6320346320346321,0.6643109540636042,0.6792452830188679,1
