subject,f1,threshold,accuracy
7012,0.817923868078585,0.72,0.8278520742358079
